{"cameraMode":{"drawMode":0,"name":"Shaded","section":"Shading Mode"},"sceneLighting":false,"audioPlay":false,"sceneViewState":{"m_AlwaysRefresh":false,"showFog":true,"showSkybox":false,"showFlares":true,"showImageEffects":true,"showParticleSystems":true,"showVisualEffectGraphs":true,"m_FxEnabled":true},"in2DMode":false,"pivot":{"x":0.19397127628326417,"y":0.2900264263153076,"z":-0.07601457834243775},"rotation":{"x":0.18762221932411195,"y":0.6234263777732849,"z":-0.15792377293109895,"w":0.7424561381340027},"size":0.7629317045211792,"orthographic":false}