{"cameraMode":{"drawMode":0,"name":"Shaded","section":"Shading Mode"},"sceneLighting":false,"audioPlay":false,"sceneViewState":{"m_AlwaysRefresh":false,"showFog":true,"showSkybox":false,"showFlares":true,"showImageEffects":true,"showParticleSystems":true,"showVisualEffectGraphs":true,"m_FxEnabled":true},"in2DMode":false,"pivot":{"x":0.1637725979089737,"y":0.48240721225738528,"z":-0.5097330808639526},"rotation":{"x":0.1523781716823578,"y":-0.023457476869225503,"z":0.0035662322770804168,"w":0.9880965352058411},"size":0.6542543768882752,"orthographic":false}