{"cameraMode":{"drawMode":0,"name":"Shaded","section":"Shading Mode"},"sceneLighting":false,"audioPlay":false,"sceneViewState":{"m_AlwaysRefresh":false,"showFog":true,"showSkybox":false,"showFlares":true,"showImageEffects":true,"showParticleSystems":true,"showVisualEffectGraphs":true,"m_FxEnabled":true},"in2DMode":false,"pivot":{"x":66.97319793701172,"y":-25.34954261779785,"z":107.25540161132813},"rotation":{"x":-0.23316624760627747,"y":0.05938638001680374,"z":-0.013983524404466153,"w":-0.9705332517623901},"size":30.054340362548829,"orthographic":false}