{"cameraMode":{"drawMode":0,"name":"Shaded","section":"Shading Mode"},"sceneLighting":true,"audioPlay":false,"sceneViewState":{"m_AlwaysRefresh":false,"showFog":true,"showSkybox":true,"showFlares":true,"showImageEffects":true,"showParticleSystems":true,"showVisualEffectGraphs":true,"m_FxEnabled":true},"in2DMode":false,"pivot":{"x":14.018929481506348,"y":1.3673300743103028,"z":21.140872955322267},"rotation":{"x":-0.1313038319349289,"y":-0.1504659354686737,"z":0.02007189393043518,"w":-0.9797661900520325},"size":3.8526182174682619,"orthographic":false}