{"cameraMode":{"drawMode":0,"name":"Shaded","section":"Shading Mode"},"sceneLighting":false,"audioPlay":false,"sceneViewState":{"m_AlwaysRefresh":false,"showFog":true,"showSkybox":false,"showFlares":true,"showImageEffects":true,"showParticleSystems":true,"showVisualEffectGraphs":true,"m_FxEnabled":true},"in2DMode":false,"pivot":{"x":73.39347839355469,"y":1.0146675109863282,"z":55.241329193115237},"rotation":{"x":0.19730959832668305,"y":0.6705343723297119,"z":-0.19248968362808228,"w":0.6887983679771423},"size":1.0287736654281617,"orthographic":false}