{"cameraMode":{"drawMode":0,"name":"Shaded","section":"Shading Mode"},"sceneLighting":true,"audioPlay":false,"sceneViewState":{"m_AlwaysRefresh":false,"showFog":true,"showSkybox":true,"showFlares":true,"showImageEffects":true,"showParticleSystems":true,"showVisualEffectGraphs":true,"m_FxEnabled":true},"in2DMode":false,"pivot":{"x":107.80323791503906,"y":-42.70995330810547,"z":73.67427062988281},"rotation":{"x":0.37234702706336977,"y":0.43725934624671938,"z":-0.20583020150661469,"w":0.7923358082771301},"size":32.167076110839847,"orthographic":false}