{"cameraMode":{"drawMode":0,"name":"Shaded","section":"Shading Mode"},"sceneLighting":false,"audioPlay":false,"sceneViewState":{"m_AlwaysRefresh":false,"showFog":true,"showSkybox":false,"showFlares":true,"showImageEffects":true,"showParticleSystems":true,"showVisualEffectGraphs":true,"m_FxEnabled":true},"in2DMode":false,"pivot":{"x":0.0021383315324783327,"y":0.08263996243476868,"z":-0.007833272218704224},"rotation":{"x":-0.3586203455924988,"y":-0.18254871666431428,"z":0.07173220068216324,"w":-0.9126488566398621},"size":0.23216016590595246,"orthographic":false}