{"cameraMode":{"drawMode":0,"name":"Shaded","section":"Shading Mode"},"sceneLighting":false,"audioPlay":false,"sceneViewState":{"m_AlwaysRefresh":false,"showFog":true,"showSkybox":false,"showFlares":true,"showImageEffects":true,"showParticleSystems":true,"showVisualEffectGraphs":true,"m_FxEnabled":true},"in2DMode":false,"pivot":{"x":0.0021398216485977175,"y":0.08263995498418808,"z":-0.007830291986465454},"rotation":{"x":0.22093437612056733,"y":-0.2371286004781723,"z":0.05547437071800232,"w":0.944395124912262},"size":0.23215727508068086,"orthographic":false}