{"cameraMode":{"drawMode":0,"name":"Shaded","section":"Shading Mode"},"sceneLighting":false,"audioPlay":false,"sceneViewState":{"m_AlwaysRefresh":false,"showFog":true,"showSkybox":false,"showFlares":true,"showImageEffects":true,"showParticleSystems":true,"showVisualEffectGraphs":true,"m_FxEnabled":true},"in2DMode":false,"pivot":{"x":-0.0016956925392150879,"y":0.3396933376789093,"z":1.7881393432617188e-7},"rotation":{"x":0.19465138018131257,"y":0.6625799536705017,"z":-0.1848442554473877,"w":0.6992669701576233},"size":1.4133586883544922,"orthographic":false}